post_id,platform,timestamp,author,text,brand,product,topic,sentiment,sentiment_score,engagement_metrics,provenance
demo_1001,Twitter,2026-08-01 09:15:00,@tech_enthusiast,The battery life on my new iPhone 16 is outstanding! Easily lasts all day.,Apple,iPhone 16,Battery,positive,0.88,"{""likes"": 142, ""retweets"": 18}",Synthetic Demo
demo_1002,Twitter,2026-08-01 10:20:00,@flyer_dan,Smooth boarding and friendly crew on Delta flight DL102 today.,Delta,Flight DL102,Customer Service,positive,0.82,"{""likes"": 34, ""retweets"": 2}",Synthetic Demo
demo_1003,Reddit,2026-08-01 11:05:00,u/gadget_geek,Review after 2 weeks: Samsung Galaxy S25 display is breathtaking in bright sunlight.,Samsung,Galaxy S25,Display,positive,0.91,"{""upvotes"": 285, ""comments"": 42}",Synthetic Demo
demo_1004,Reddit,2026-08-01 12:30:00,u/prime_buyer,Amazon delivery arrived 2 hours ahead of schedule. Truly impressed.,Amazon,Prime Delivery,Delivery,positive,0.85,"{""upvotes"": 67, ""comments"": 8}",Synthetic Demo
demo_1005,Instagram,2026-08-01 14:10:00,creator_sarah,Unboxing the titanium Apple Watch Ultra 3. The build quality feels premium.,Apple,Apple Watch,Hardware,positive,0.89,"{""likes"": 1240, ""comments"": 88}",Synthetic Demo
demo_1006,YouTube,2026-08-01 15:45:00,TechPulseDaily,Testing Samsung Galaxy AI live translation in Tokyo. It actually works seamlessly!,Samsung,Galaxy AI,Software,positive,0.84,"{""likes"": 3400, ""comments"": 210}",Synthetic Demo
demo_1007,Twitter,2026-08-01 16:30:00,@commuter_jane,Delta in-flight WiFi was stable enough for video calls throughout the flight.,Delta,In-Flight WiFi,Connectivity,positive,0.76,"{""likes"": 19, ""retweets"": 1}",Synthetic Demo
demo_1008,Twitter,2026-08-01 17:15:00,@alex_b,Ordered school supplies from Amazon yesterday and they just arrived.,Amazon,Prime,Delivery,neutral,0.05,"{""likes"": 5, ""retweets"": 0}",Synthetic Demo
demo_1009,Reddit,2026-08-01 18:00:00,u/audio_phile,Comparing Apple AirPods Pro 3 vs Galaxy Buds 3 Pro for active noise cancellation.,Apple,AirPods Pro,Hardware,neutral,0.02,"{""upvotes"": 112, ""comments"": 56}",Synthetic Demo
demo_1010,Instagram,2026-08-01 19:25:00,travel_with_leo,Sunset view from 35000 feet aboard Delta A350.,Delta,Delta A350,Travel,positive,0.92,"{""likes"": 890, ""comments"": 24}",Synthetic Demo
demo_1011,YouTube,2026-08-01 20:50:00,GadgetUnfiltered,Galaxy S25 battery drain test: 7 hours screen-on time under heavy gaming.,Samsung,Galaxy S25,Battery,neutral,0.1,"{""likes"": 850, ""comments"": 95}",Synthetic Demo
demo_1012,Twitter,2026-08-01 22:10:00,@cloud_dev,Setting up my AWS Lambda instances with Amazon Bedrock API.,Amazon,AWS,Cloud,neutral,0.0,"{""likes"": 12, ""retweets"": 3}",Synthetic Demo
demo_1013,Twitter,2026-08-02 08:30:00,@morning_coffee,Apple iOS 19 developer beta dropped this morning. Installing now.,Apple,iOS,Software,neutral,0.0,"{""likes"": 42, ""retweets"": 4}",Synthetic Demo
demo_1014,Twitter,2026-08-02 09:45:00,@frequent_flyer,"Minor 15-min weather delay with Delta in Atlanta, but gate agents handled it calmly.",Delta,Flight DL402,Delay,neutral,-0.1,"{""likes"": 8, ""retweets"": 0}",Synthetic Demo
demo_1015,Reddit,2026-08-02 11:15:00,u/tech_curious,Does anyone else feel the Samsung trade-in valuation is lower this year?,Samsung,Trade-In,Pricing,negative,-0.45,"{""upvotes"": 94, ""comments"": 38}",Synthetic Demo
demo_1016,Reddit,2026-08-02 13:00:00,u/shopper_99,Amazon package left in the rain without plastic wrapping. Damaged box.,Amazon,Prime Delivery,Delivery,negative,-0.62,"{""upvotes"": 145, ""comments"": 29}",Synthetic Demo
demo_1017,Instagram,2026-08-02 14:30:00,lifestyle_vlogger,Morning workout tracked on Apple Watch Series 10. Heart rate sensor is spot on.,Apple,Apple Watch,Fitness,positive,0.85,"{""likes"": 612, ""comments"": 18}",Synthetic Demo
demo_1018,YouTube,2026-08-02 16:00:00,MobileWorldReviews,Samsung OneUI 7 long-term review: smoother animations and customizable widgets.,Samsung,OneUI 7,Software,positive,0.79,"{""likes"": 2100, ""comments"": 140}",Synthetic Demo
demo_1019,Twitter,2026-08-02 17:40:00,@flyer_mike,Quick luggage return from Delta at MSP airport. Bag was on belt in 10 mins.,Delta,Baggage,Service,positive,0.81,"{""likes"": 15, ""retweets"": 0}",Synthetic Demo
demo_1020,Twitter,2026-08-02 19:10:00,@alex_deals,Amazon Kindle Paperwhite is on discount for Prime members today.,Amazon,Kindle,Pricing,positive,0.7,"{""likes"": 55, ""retweets"": 8}",Synthetic Demo
demo_1021,Reddit,2026-08-02 20:30:00,u/code_ninja,Apple M4 MacBook Pro compilation benchmarks blow my old workstation away.,Apple,MacBook Pro,Hardware,positive,0.94,"{""upvotes"": 420, ""comments"": 75}",Synthetic Demo
demo_1022,Instagram,2026-08-02 21:45:00,foodie_traveler,Tasty pre-ordered meal on Delta first class flight to Seattle.,Delta,In-Flight Dining,Food,positive,0.83,"{""likes"": 430, ""comments"": 12}",Synthetic Demo
demo_1023,YouTube,2026-08-02 22:30:00,ElectroScope,Amazon Echo Show 12 full setup and smart home ecosystem walkthrough.,Amazon,Echo Show,Smart Home,neutral,0.12,"{""likes"": 980, ""comments"": 64}",Synthetic Demo
demo_1024,Twitter,2026-08-03 08:15:00,@dev_sam,Apple Xcode update finally fixed the swift compiler caching issue.,Apple,Xcode,Developer,positive,0.78,"{""likes"": 89, ""retweets"": 11}",Synthetic Demo
demo_1025,Twitter,2026-08-03 09:50:00,@biz_traveler,Delta Sky Club at JFK Terminal 4 was crowded but coffee was fresh.,Delta,Sky Club,Lounge,neutral,0.15,"{""likes"": 22, ""retweets"": 1}",Synthetic Demo
demo_1026,Reddit,2026-08-03 11:20:00,u/phone_fanatic,Samsung Galaxy Z Fold 7 hinge feels much more durable than predecessor.,Samsung,Galaxy Z Fold,Hardware,positive,0.87,"{""upvotes"": 310, ""comments"": 49}",Synthetic Demo
demo_1027,Reddit,2026-08-03 13:40:00,u/digital_buyer,Customer service from Amazon refund team was fast and painless.,Amazon,Customer Service,Support,positive,0.8,"{""upvotes"": 88, ""comments"": 7}",Synthetic Demo
demo_1028,Instagram,2026-08-03 15:10:00,photo_journey,Captured this macro shot using Samsung Galaxy S25 Ultra 200MP sensor.,Samsung,Galaxy S25 Ultra,Camera,positive,0.93,"{""likes"": 1540, ""comments"": 62}",Synthetic Demo
demo_1029,YouTube,2026-08-03 16:45:00,AirTravelInsider,Is Delta Premium Select worth the extra cost? Transatlantic review.,Delta,Premium Select,Seating,neutral,0.2,"{""likes"": 1750, ""comments"": 180}",Synthetic Demo
demo_1030,Twitter,2026-08-03 18:20:00,@music_fan,Spatial Audio on Apple Music with AirPods Max is truly immersive.,Apple,AirPods Max,Audio,positive,0.9,"{""likes"": 64, ""retweets"": 5}",Synthetic Demo
demo_1031,Twitter,2026-08-03 20:00:00,@smart_home_pro,Amazon Alexa routine triggered my morning blinds and coffee machine.,Amazon,Alexa,Smart Home,positive,0.75,"{""likes"": 31, ""retweets"": 2}",Synthetic Demo
demo_1032,Twitter,2026-08-04 07:10:00,@traveler_tom,What is going on with Delta today? Flight DL809 cancelled with zero explanation!,Delta,Flight DL809,Cancellation,negative,-0.88,"{""likes"": 410, ""retweets"": 85}",Synthetic Demo
demo_1033,Twitter,2026-08-04 07:45:00,@angry_flyer,STUCK IN ATLANTA! Delta systems are completely down and lines are 300 people long #DeltaOutage,Delta,Delta IT,Outage,negative,-0.95,"{""likes"": 1250, ""retweets"": 340}",Synthetic Demo
demo_1034,Reddit,2026-08-04 08:15:00,u/delta_stranded,"Megathread: Nationwide Delta outage. Ground stop declared, customer service phone disconnecting.",Delta,Delta Network,Outage,negative,-0.92,"{""upvotes"": 2400, ""comments"": 680}",Synthetic Demo
demo_1035,Twitter,2026-08-04 08:50:00,@jessica_m,Missed my wedding anniversary because Delta cancelled every connecting flight out of DTW. Unacceptable!,Delta,Flight DL304,Cancellation,negative,-0.97,"{""likes"": 890, ""retweets"": 190}",Synthetic Demo
demo_1036,Twitter,2026-08-04 09:20:00,@corp_exec,Our entire executive team stranded in Chicago thanks to Delta IT meltdown.,Delta,Delta IT,Outage,negative,-0.91,"{""likes"": 520, ""retweets"": 98}",Synthetic Demo
demo_1037,Reddit,2026-08-04 09:55:00,u/airport_sleep,Sitting on the tarmac for 4 hours with no AC and no water on Delta DL1104. Lawsuit incoming.,Delta,Flight DL1104,Customer Service,negative,-0.98,"{""upvotes"": 3100, ""comments"": 490}",Synthetic Demo
demo_1038,YouTube,2026-08-04 10:30:00,AviationCrisisNews,Breaking: Major Delta Air Lines computer outage grounds hundreds of flights worldwide.,Delta,Delta Fleet,Outage,negative,-0.85,"{""likes"": 8900, ""comments"": 1240}",Synthetic Demo
demo_1039,Instagram,2026-08-04 11:10:00,stranded_in_atl,Current nightmare at Atlanta airport. Thousands of bags piled up outside baggage claim.,Delta,Baggage,Outage,negative,-0.93,"{""likes"": 4200, ""comments"": 380}",Synthetic Demo
demo_1040,Twitter,2026-08-04 11:45:00,@family_vacay,Family vacation ruined by Delta cancellations. Customer care hold time is 8 hours!,Delta,Customer Service,Support,negative,-0.94,"{""likes"": 670, ""retweets"": 130}",Synthetic Demo
demo_1041,Twitter,2026-08-04 12:30:00,@tech_watcher,Meanwhile Apple Vision Pro 2 rumors heating up with micro-OLED displays.,Apple,Vision Pro,Hardware,positive,0.72,"{""likes"": 115, ""retweets"": 14}",Synthetic Demo
demo_1042,Reddit,2026-08-04 13:10:00,u/delta_pilot_anon,Throwaway account: dispatch server cascade failure behind today Delta ground stop.,Delta,Dispatch,Outage,negative,-0.89,"{""upvotes"": 4500, ""comments"": 810}",Synthetic Demo
demo_1043,Twitter,2026-08-04 14:00:00,@consumer_advocate,Delta needs to issue immediate full refunds and hotel vouchers to all stranded passengers.,Delta,Refunds,Policy,negative,-0.86,"{""likes"": 1400, ""retweets"": 420}",Synthetic Demo
demo_1044,YouTube,2026-08-04 14:45:00,TechReviewHub,Samsung Galaxy Tab S10 Ultra vs iPad Pro M4: Which tablet reigns supreme?,Samsung,Galaxy Tab S10,Comparison,neutral,0.1,"{""likes"": 2300, ""comments"": 165}",Synthetic Demo
demo_1045,Twitter,2026-08-04 15:30:00,@flyer_rob,"Day 1 of the Delta meltdown and still no bag, no hotel, no assistance at Boston Logan.",Delta,Baggage,Support,negative,-0.96,"{""likes"": 780, ""retweets"": 115}",Synthetic Demo
demo_1046,Instagram,2026-08-04 16:15:00,wanderlust_claire,Sleeping on the floor at JFK because Delta cancelled my flight to London.,Delta,Flight DL001,Cancellation,negative,-0.95,"{""likes"": 2100, ""comments"": 190}",Synthetic Demo
demo_1047,Twitter,2026-08-04 17:00:00,@ecommerce_guy,Amazon logistics delivery fleet seems unaffected by the severe storms.,Amazon,Amazon Logistics,Delivery,positive,0.8,"{""likes"": 44, ""retweets"": 3}",Synthetic Demo
demo_1048,Reddit,2026-08-04 18:30:00,u/gadget_repair,How easy is it to replace the battery in Apple iPhone 16? Full teardown guide.,Apple,iPhone 16,Repairability,neutral,0.05,"{""upvotes"": 210, ""comments"": 34}",Synthetic Demo
demo_1049,Twitter,2026-08-04 19:40:00,@angry_dan,Delta management should answer for this historic operational collapse. Absolute disaster.,Delta,Leadership,Outage,negative,-0.98,"{""likes"": 2200, ""retweets"": 610}",Synthetic Demo
demo_1050,Twitter,2026-08-04 21:00:00,@night_owl_flyer,Still waiting in rebooking queue at Minneapolis since 10am Delta. Horrible communication.,Delta,Customer Service,Support,negative,-0.92,"{""likes"": 350, ""retweets"": 45}",Synthetic Demo
demo_1051,Twitter,2026-08-05 06:30:00,@morning_commuter,Delta delays carrying into Day 2. Over 1200 flights already grounded this morning.,Delta,Delta Fleet,Delays,negative,-0.9,"{""likes"": 880, ""retweets"": 210}",Synthetic Demo
demo_1052,Reddit,2026-08-05 08:00:00,u/flyer_help,Advice on claiming EU261 compensation from Delta for yesterday cancelled flight?,Delta,Compensation,Customer Service,negative,-0.6,"{""upvotes"": 540, ""comments"": 120}",Synthetic Demo
demo_1053,Twitter,2026-08-05 09:15:00,@tech_pulse,Apple announced new MagSafe charging accessories with 25W fast Qi2 support.,Apple,MagSafe,Hardware,positive,0.81,"{""likes"": 320, ""retweets"": 28}",Synthetic Demo
demo_1054,Twitter,2026-08-05 10:45:00,@business_insider_fan,Samsung foundry reports improved yields for 3nm mobile chipsets.,Samsung,Foundry,Hardware,positive,0.76,"{""likes"": 150, ""retweets"": 19}",Synthetic Demo
demo_1055,Instagram,2026-08-05 12:00:00,retail_therapy,Amazon doorstep package drop captured on my Ring doorbell.,Amazon,Ring,Smart Home,neutral,0.08,"{""likes"": 190, ""comments"": 9}",Synthetic Demo
demo_1056,Twitter,2026-08-05 13:30:00,@flyer_sarah,Delta app finally allowed me to request a refund instead of rebooking. Sad to cancel the trip.,Delta,App,Refund,negative,-0.72,"{""likes"": 180, ""retweets"": 12}",Synthetic Demo
demo_1057,YouTube,2026-08-05 15:00:00,EverydayAviation,How Delta is recovering from the IT crash: Crew repositioning explained.,Delta,Operations,Operations,neutral,-0.1,"{""likes"": 3400, ""comments"": 290}",Synthetic Demo
demo_1058,Twitter,2026-08-05 16:40:00,@sammy_fan,Samsung Galaxy Watch Ultra battery lasts 3 days with GPS tracking enabled. Best smartwatch for Android.,Samsung,Galaxy Watch,Battery,positive,0.92,"{""likes"": 210, ""retweets"": 15}",Synthetic Demo
demo_1059,Reddit,2026-08-05 18:20:00,u/prime_shopper,Amazon Prime video library expansion this month looks really good.,Amazon,Prime Video,Entertainment,positive,0.78,"{""upvotes"": 320, ""comments"": 45}",Synthetic Demo
demo_1060,Twitter,2026-08-05 20:10:00,@apple_coder,Swift 6 concurrency model is so much cleaner once you understand actors.,Apple,Swift,Software,positive,0.84,"{""likes"": 195, ""retweets"": 22}",Synthetic Demo
demo_1061,Twitter,2026-08-06 08:00:00,@frequent_flyer,Delta operations slowly returning to normal. Boarding flight DL550 on time this morning.,Delta,Flight DL550,Operations,positive,0.7,"{""likes"": 85, ""retweets"": 6}",Synthetic Demo
demo_1062,Reddit,2026-08-06 10:15:00,u/phone_critic,Samsung Galaxy S25 software update patch notes: camera shutter lag significantly reduced.,Samsung,Galaxy S25,Camera,positive,0.86,"{""upvotes"": 410, ""comments"": 58}",Synthetic Demo
demo_1063,Instagram,2026-08-06 12:30:00,aesthetic_desk,Clean desk setup with Apple Studio Display and Mac mini.,Apple,Studio Display,Hardware,positive,0.91,"{""likes"": 1890, ""comments"": 44}",Synthetic Demo
demo_1064,Twitter,2026-08-06 14:45:00,@prime_user,Amazon Prime same-day delivery order arrived within 4 hours. Incredible speed.,Amazon,Prime Delivery,Delivery,positive,0.95,"{""likes"": 120, ""retweets"": 8}",Synthetic Demo
demo_1065,YouTube,2026-08-06 16:20:00,AeroReview,Delta customer compensation guide: What you are entitled to after cancellations.,Delta,Compensation,Policy,neutral,0.05,"{""likes"": 4200, ""comments"": 380}",Synthetic Demo
demo_1066,Twitter,2026-08-06 18:00:00,@gadget_girl,Samsung Galaxy Buds 3 Pro sound signature is punchy with deep bass.,Samsung,Galaxy Buds 3 Pro,Audio,positive,0.87,"{""likes"": 95, ""retweets"": 4}",Synthetic Demo
demo_1067,Reddit,2026-08-06 20:10:00,u/apple_user,The new Siri conversational mode with Apple Intelligence is actually helpful for summaries.,Apple,Apple Intelligence,AI,positive,0.83,"{""upvotes"": 275, ""comments"": 61}",Synthetic Demo
demo_1068,Twitter,2026-08-07 09:00:00,@business_travel,Full Delta flight schedule restored today. Kudos to the gate agents who worked overtime.,Delta,Operations,Customer Service,positive,0.79,"{""likes"": 210, ""retweets"": 18}",Synthetic Demo
demo_1069,Instagram,2026-08-07 11:30:00,urban_photog,Street photography through the lens of Samsung Galaxy S25 Ultra 5x optical telephoto.,Samsung,Galaxy S25 Ultra,Camera,positive,0.94,"{""likes"": 2450, ""comments"": 89}",Synthetic Demo
demo_1070,YouTube,2026-08-07 14:00:00,TechTomorrow,Amazon Project Kuiper satellite broadband field test: Speed tests vs Starlink.,Amazon,Project Kuiper,Broadband,neutral,0.15,"{""likes"": 5600, ""comments"": 490}",Synthetic Demo
demo_1071,Twitter,2026-08-07 16:15:00,@ios_dev,Apple developer documentation for CoreML has gotten much clearer this year.,Apple,CoreML,Developer,positive,0.8,"{""likes"": 130, ""retweets"": 14}",Synthetic Demo
demo_1072,Reddit,2026-08-07 18:45:00,u/delta_frequent,Received a $200 flight credit and 25000 SkyMiles from Delta for the delay. Fair apology.,Delta,SkyMiles,Customer Service,positive,0.75,"{""upvotes"": 380, ""comments"": 64}",Synthetic Demo
demo_1073,Twitter,2026-08-07 20:30:00,@smart_buyer,Amazon returns at Whole Foods drop-off counter are so fast and convenient.,Amazon,Returns,Customer Service,positive,0.88,"{""likes"": 72, ""retweets"": 5}",Synthetic Demo
demo_1074,Instagram,2026-08-07 22:00:00,night_vibes,"Night mode shot with Apple iPhone 16 Pro Max. Minimal noise, great dynamic range.",Apple,iPhone 16 Pro Max,Camera,positive,0.92,"{""likes"": 1780, ""comments"": 52}",Synthetic Demo
